seq_id,mut_name,esm_score
AcrIIa4,M1K,-12.528153
AcrIIa4,M1R,-14.189951
AcrIIa4,M1H,-15.777044
AcrIIa4,M1E,-13.2085285
AcrIIa4,M1D,-13.963878
AcrIIa4,M1N,-13.309307
AcrIIa4,M1Q,-14.550804
AcrIIa4,M1T,-13.746735
AcrIIa4,M1S,-13.239762
AcrIIa4,M1C,-15.296399
AcrIIa4,M1G,-14.611042
AcrIIa4,M1A,-14.6712
AcrIIa4,M1V,-13.117325
AcrIIa4,M1L,-12.473027
AcrIIa4,M1I,-12.831414
AcrIIa4,M1M,0.0
AcrIIa4,M1P,-15.726269
AcrIIa4,M1Y,-13.901652
AcrIIa4,M1F,-13.906897
AcrIIa4,M1W,-15.3825245
AcrIIa4,N2K,-3.0666666
AcrIIa4,N2R,-5.5363755
AcrIIa4,N2H,-6.6828403
AcrIIa4,N2E,-3.7512188
AcrIIa4,N2D,-4.266889
AcrIIa4,N2N,0.0
AcrIIa4,N2Q,-5.3874097
AcrIIa4,N2T,-4.933388
AcrIIa4,N2S,-5.464069
AcrIIa4,N2C,-8.610684
AcrIIa4,N2G,-6.541727
AcrIIa4,N2A,-6.4471636
AcrIIa4,N2V,-6.4582624
AcrIIa4,N2L,-5.288326
AcrIIa4,N2I,-4.9816
AcrIIa4,N2M,-6.8939366
AcrIIa4,N2P,-7.630521
AcrIIa4,N2Y,-6.1167126
AcrIIa4,N2F,-6.4410625
AcrIIa4,N2W,-8.732572
AcrIIa4,I3K,-4.5092163
AcrIIa4,I3R,-5.9901977
AcrIIa4,I3H,-7.4001136
AcrIIa4,I3E,-5.698503
AcrIIa4,I3D,-7.2142715
AcrIIa4,I3N,-5.533092
AcrIIa4,I3Q,-6.266574
AcrIIa4,I3T,-4.446097
AcrIIa4,I3S,-5.691537
AcrIIa4,I3C,-7.516839
AcrIIa4,I3G,-7.147305
AcrIIa4,I3A,-5.1208806
AcrIIa4,I3V,-4.3420935
AcrIIa4,I3L,-4.010857
AcrIIa4,I3I,0.0
AcrIIa4,I3M,-6.107052
AcrIIa4,I3P,-7.2457266
AcrIIa4,I3Y,-5.3339267
AcrIIa4,I3F,-5.237829
AcrIIa4,I3W,-8.248231
AcrIIa4,N4K,-3.6470273
AcrIIa4,N4R,-5.421969
AcrIIa4,N4H,-6.102554
AcrIIa4,N4E,-3.7723165
AcrIIa4,N4D,-4.133327
AcrIIa4,N4N,0.0
AcrIIa4,N4Q,-4.2748976
AcrIIa4,N4T,-4.680146
AcrIIa4,N4S,-4.310967
AcrIIa4,N4C,-7.95677
AcrIIa4,N4G,-5.9505754
AcrIIa4,N4A,-5.66439
AcrIIa4,N4V,-5.5695214
AcrIIa4,N4L,-4.8432484
AcrIIa4,N4I,-4.7601304
AcrIIa4,N4M,-6.6151943
AcrIIa4,N4P,-6.4336944
AcrIIa4,N4Y,-5.546664
AcrIIa4,N4F,-5.6643653
AcrIIa4,N4W,-8.656695
AcrIIa4,D5K,-2.959834
AcrIIa4,D5R,-5.271159
AcrIIa4,D5H,-6.315713
AcrIIa4,D5E,-2.4881244
AcrIIa4,D5D,0.0
AcrIIa4,D5N,-3.685219
AcrIIa4,D5Q,-4.1009774
AcrIIa4,D5T,-4.539792
AcrIIa4,D5S,-4.5325866
AcrIIa4,D5C,-8.233758
AcrIIa4,D5G,-6.00565
AcrIIa4,D5A,-5.7988253
AcrIIa4,D5V,-6.5413156
AcrIIa4,D5L,-5.688387
AcrIIa4,D5I,-5.9272532
AcrIIa4,D5M,-6.9319906
AcrIIa4,D5P,-7.830258
AcrIIa4,D5Y,-6.1848164
AcrIIa4,D5F,-7.0335507
AcrIIa4,D5W,-8.71207
AcrIIa4,L6K,-5.4415436
AcrIIa4,L6R,-6.8677444
AcrIIa4,L6H,-8.312712
AcrIIa4,L6E,-6.913653
AcrIIa4,L6D,-8.08993
AcrIIa4,L6N,-7.353425
AcrIIa4,L6Q,-7.1873646
AcrIIa4,L6T,-6.1099954
AcrIIa4,L6S,-6.9031544
AcrIIa4,L6C,-7.20238
AcrIIa4,L6G,-8.231936
AcrIIa4,L6A,-4.9542055
AcrIIa4,L6V,-4.6287932
AcrIIa4,L6L,0.0
AcrIIa4,L6I,-3.8758435
AcrIIa4,L6M,-5.967461
AcrIIa4,L6P,-10.798851
AcrIIa4,L6Y,-5.9742017
AcrIIa4,L6F,-4.0487237
AcrIIa4,L6W,-8.120068
AcrIIa4,I7K,-4.0095863
AcrIIa4,I7R,-6.37974
AcrIIa4,I7H,-7.2923107
AcrIIa4,I7E,-4.382228
AcrIIa4,I7D,-6.992149
AcrIIa4,I7N,-5.8702216
AcrIIa4,I7Q,-6.086773
AcrIIa4,I7T,-5.521989
AcrIIa4,I7S,-5.765558
AcrIIa4,I7C,-7.007844
AcrIIa4,I7G,-7.827724
AcrIIa4,I7A,-5.1422806
AcrIIa4,I7V,-4.6615806
AcrIIa4,I7L,-4.236887
AcrIIa4,I7I,0.0
AcrIIa4,I7M,-6.35739
AcrIIa4,I7P,-8.74168
AcrIIa4,I7Y,-5.5741796
AcrIIa4,I7F,-5.9333043
AcrIIa4,I7W,-9.0737705
AcrIIa4,R8K,-1.1839612
AcrIIa4,R8R,0.0
AcrIIa4,R8H,-4.4365425
AcrIIa4,R8E,-1.107938
AcrIIa4,R8D,-2.1501908
AcrIIa4,R8N,-1.0543468
AcrIIa4,R8Q,-2.4808488
AcrIIa4,R8T,-2.431906
AcrIIa4,R8S,-1.9062443
AcrIIa4,R8C,-5.5225296
AcrIIa4,R8G,-4.058004
AcrIIa4,R8A,-3.2327323
AcrIIa4,R8V,-4.335088
AcrIIa4,R8L,-3.593627
AcrIIa4,R8I,-3.6504817
AcrIIa4,R8M,-5.3507824
AcrIIa4,R8P,-6.099592
AcrIIa4,R8Y,-4.225626
AcrIIa4,R8F,-4.7166815
AcrIIa4,R8W,-6.9983726
AcrIIa4,E9K,-4.0254946
AcrIIa4,E9R,-5.5903115
AcrIIa4,E9H,-6.139002
AcrIIa4,E9E,0.0
AcrIIa4,E9D,-4.4350753
AcrIIa4,E9N,-4.6895
AcrIIa4,E9Q,-4.9133067
AcrIIa4,E9T,-5.0726748
AcrIIa4,E9S,-4.883013
AcrIIa4,E9C,-7.0037055
AcrIIa4,E9G,-6.114723
AcrIIa4,E9A,-4.9552703
AcrIIa4,E9V,-5.4202585
AcrIIa4,E9L,-4.44812
AcrIIa4,E9I,-4.458103
AcrIIa4,E9M,-6.2032003
AcrIIa4,E9P,-8.345634
AcrIIa4,E9Y,-5.397829
AcrIIa4,E9F,-5.299002
AcrIIa4,E9W,-7.8633747
AcrIIa4,I10K,-7.5005417
AcrIIa4,I10R,-8.149149
AcrIIa4,I10H,-6.7826777
AcrIIa4,I10E,-7.673092
AcrIIa4,I10D,-7.8435826
AcrIIa4,I10N,-5.8767796
AcrIIa4,I10Q,-7.5199356
AcrIIa4,I10T,-5.898423
AcrIIa4,I10S,-5.6452756
AcrIIa4,I10C,-5.419386
AcrIIa4,I10G,-7.038624
AcrIIa4,I10A,-3.9322777
AcrIIa4,I10V,-4.534444
AcrIIa4,I10L,-2.0526304
AcrIIa4,I10I,0.0
AcrIIa4,I10M,-4.8637624
AcrIIa4,I10P,-9.701628
AcrIIa4,I10Y,-4.907902
AcrIIa4,I10F,-4.489357
AcrIIa4,I10W,-7.751831
AcrIIa4,K11K,0.0
AcrIIa4,K11R,-5.239689
AcrIIa4,K11H,-6.3977947
AcrIIa4,K11E,-2.7733984
AcrIIa4,K11D,-5.0179915
AcrIIa4,K11N,-3.979706
AcrIIa4,K11Q,-3.9557436
AcrIIa4,K11T,-5.1541095
AcrIIa4,K11S,-4.4270496
AcrIIa4,K11C,-7.2431374
AcrIIa4,K11G,-5.4135256
AcrIIa4,K11A,-5.613941
AcrIIa4,K11V,-6.0696115
AcrIIa4,K11L,-5.4395323
AcrIIa4,K11I,-5.476413
AcrIIa4,K11M,-6.9239798
AcrIIa4,K11P,-6.813245
AcrIIa4,K11Y,-6.3260202
AcrIIa4,K11F,-7.1329446
AcrIIa4,K11W,-8.8131075
AcrIIa4,N12K,-4.1792684
AcrIIa4,N12R,-5.135804
AcrIIa4,N12H,-6.423115
AcrIIa4,N12E,-3.1560073
AcrIIa4,N12D,-3.5325577
AcrIIa4,N12N,0.0
AcrIIa4,N12Q,-4.855243
AcrIIa4,N12T,-4.833102
AcrIIa4,N12S,-3.674864
AcrIIa4,N12C,-7.0393248
AcrIIa4,N12G,-4.648402
AcrIIa4,N12A,-4.580613
AcrIIa4,N12V,-5.8684464
AcrIIa4,N12L,-5.0560474
AcrIIa4,N12I,-5.5906134
AcrIIa4,N12M,-6.6102467
AcrIIa4,N12P,-6.174283
AcrIIa4,N12Y,-6.1631427
AcrIIa4,N12F,-6.467098
AcrIIa4,N12W,-8.664566
AcrIIa4,K13K,0.0
AcrIIa4,K13R,-4.6816196
AcrIIa4,K13H,-5.114906
AcrIIa4,K13E,-3.9476767
AcrIIa4,K13D,-4.348616
AcrIIa4,K13N,-3.1586652
AcrIIa4,K13Q,-4.389587
AcrIIa4,K13T,-4.3660016
AcrIIa4,K13S,-3.420388
AcrIIa4,K13C,-5.8696184
AcrIIa4,K13G,-4.1837206
AcrIIa4,K13A,-4.765213
AcrIIa4,K13V,-6.0898294
AcrIIa4,K13L,-4.033435
AcrIIa4,K13I,-5.2775884
AcrIIa4,K13M,-5.589136
AcrIIa4,K13P,-6.513852
AcrIIa4,K13Y,-5.207919
AcrIIa4,K13F,-5.7927613
AcrIIa4,K13W,-8.141069
AcrIIa4,D14K,-3.5796237
AcrIIa4,D14R,-5.535763
AcrIIa4,D14H,-5.9049597
AcrIIa4,D14E,-3.704428
AcrIIa4,D14D,0.0
AcrIIa4,D14N,-2.776865
AcrIIa4,D14Q,-5.272607
AcrIIa4,D14T,-5.4191227
AcrIIa4,D14S,-4.6012383
AcrIIa4,D14C,-7.351246
AcrIIa4,D14G,-1.6527517
AcrIIa4,D14A,-6.3298693
AcrIIa4,D14V,-6.603528
AcrIIa4,D14L,-6.489747
AcrIIa4,D14I,-6.303031
AcrIIa4,D14M,-7.8157463
AcrIIa4,D14P,-5.0209427
AcrIIa4,D14Y,-5.772373
AcrIIa4,D14F,-6.5146694
AcrIIa4,D14W,-7.9106703
AcrIIa4,Y15K,-3.8297446
AcrIIa4,Y15R,-5.26525
AcrIIa4,Y15H,-5.6590047
AcrIIa4,Y15E,-4.1610637
AcrIIa4,Y15D,-4.5491853
AcrIIa4,Y15N,-4.268771
AcrIIa4,Y15Q,-5.48316
AcrIIa4,Y15T,-4.548713
AcrIIa4,Y15S,-4.263423
AcrIIa4,Y15C,-4.465369
AcrIIa4,Y15G,-4.218775
AcrIIa4,Y15A,-4.197564
AcrIIa4,Y15V,-3.3317258
AcrIIa4,Y15L,-3.1550624
AcrIIa4,Y15I,-2.7171109
AcrIIa4,Y15M,-5.0448384
AcrIIa4,Y15P,-5.2813516
AcrIIa4,Y15Y,0.0
AcrIIa4,Y15F,-3.458012
AcrIIa4,Y15W,-4.7461495
AcrIIa4,T16K,-2.932044
AcrIIa4,T16R,-4.5441914
AcrIIa4,T16H,-4.9822063
AcrIIa4,T16E,-2.464499
AcrIIa4,T16D,-2.851232
AcrIIa4,T16N,-3.0659292
AcrIIa4,T16Q,-4.009782
AcrIIa4,T16T,0.0
AcrIIa4,T16S,-3.0519943
AcrIIa4,T16C,-5.66972
AcrIIa4,T16G,-4.617489
AcrIIa4,T16A,-4.6685348
AcrIIa4,T16V,-3.9456792
AcrIIa4,T16L,-4.012988
AcrIIa4,T16I,-3.5587955
AcrIIa4,T16M,-5.7783237
AcrIIa4,T16P,-4.5414
AcrIIa4,T16Y,-4.063489
AcrIIa4,T16F,-4.3295317
AcrIIa4,T16W,-6.634713
AcrIIa4,V17K,-6.244298
AcrIIa4,V17R,-7.4254723
AcrIIa4,V17H,-6.9505024
AcrIIa4,V17E,-5.801995
AcrIIa4,V17D,-6.6794386
AcrIIa4,V17N,-6.5246053
AcrIIa4,V17Q,-7.274716
AcrIIa4,V17T,-5.245723
AcrIIa4,V17S,-5.6646905
AcrIIa4,V17C,-5.4312077
AcrIIa4,V17G,-5.971236
AcrIIa4,V17A,-4.4724355
AcrIIa4,V17V,0.0
AcrIIa4,V17L,-4.2943068
AcrIIa4,V17I,-3.516086
AcrIIa4,V17M,-6.651325
AcrIIa4,V17P,-6.5607076
AcrIIa4,V17Y,-4.3386784
AcrIIa4,V17F,-4.2847614
AcrIIa4,V17W,-7.3500166
AcrIIa4,K18K,0.0
AcrIIa4,K18R,-4.3093104
AcrIIa4,K18H,-4.6941605
AcrIIa4,K18E,-2.5104687
AcrIIa4,K18D,-3.7197464
AcrIIa4,K18N,-3.4597423
AcrIIa4,K18Q,-4.253507
AcrIIa4,K18T,-2.9838114
AcrIIa4,K18S,-2.9928951
AcrIIa4,K18C,-5.3268137
AcrIIa4,K18G,-5.156432
AcrIIa4,K18A,-4.652752
AcrIIa4,K18V,-3.6115577
AcrIIa4,K18L,-3.7138913
AcrIIa4,K18I,-3.3325713
AcrIIa4,K18M,-5.271866
AcrIIa4,K18P,-6.9668417
AcrIIa4,K18Y,-3.8196666
AcrIIa4,K18F,-4.23257
AcrIIa4,K18W,-5.850317
AcrIIa4,L19K,-4.3132396
AcrIIa4,L19R,-5.1937275
AcrIIa4,L19H,-5.5088844
AcrIIa4,L19E,-4.1824436
AcrIIa4,L19D,-4.717083
AcrIIa4,L19N,-4.7388744
AcrIIa4,L19Q,-5.250043
AcrIIa4,L19T,-4.452283
AcrIIa4,L19S,-4.5448556
AcrIIa4,L19C,-5.5949173
AcrIIa4,L19G,-5.659508
AcrIIa4,L19A,-4.913311
AcrIIa4,L19V,-3.2965014
AcrIIa4,L19L,0.0
AcrIIa4,L19I,-2.839446
AcrIIa4,L19M,-5.5881844
AcrIIa4,L19P,-6.1318693
AcrIIa4,L19Y,-3.7891967
AcrIIa4,L19F,-3.6808615
AcrIIa4,L19W,-6.0369396
AcrIIa4,S20K,-3.4413211
AcrIIa4,S20R,-4.508888
AcrIIa4,S20H,-4.6503935
AcrIIa4,S20E,-2.970871
AcrIIa4,S20D,-3.4009976
AcrIIa4,S20N,-3.2363076
AcrIIa4,S20Q,-4.291633
AcrIIa4,S20T,-3.252574
AcrIIa4,S20S,0.0
AcrIIa4,S20C,-4.813216
AcrIIa4,S20G,-4.611869
AcrIIa4,S20A,-4.3199825
AcrIIa4,S20V,-2.8925712
AcrIIa4,S20L,-2.586239
AcrIIa4,S20I,-2.1750555
AcrIIa4,S20M,-4.4916563
AcrIIa4,S20P,-5.6508436
AcrIIa4,S20Y,-3.2508435
AcrIIa4,S20F,-3.5946026
AcrIIa4,S20W,-5.4330597
AcrIIa4,G21K,-2.6754398
AcrIIa4,G21R,-3.8389308
AcrIIa4,G21H,-4.2241735
AcrIIa4,G21E,-2.4416587
AcrIIa4,G21D,-2.761741
AcrIIa4,G21N,-2.8452983
AcrIIa4,G21Q,-3.7878172
AcrIIa4,G21T,-3.1693182
AcrIIa4,G21S,-2.7960598
AcrIIa4,G21C,-5.167444
AcrIIa4,G21G,0.0
AcrIIa4,G21A,-3.898208
AcrIIa4,G21V,-3.4337585
AcrIIa4,G21L,-3.495878
AcrIIa4,G21I,-3.1859627
AcrIIa4,G21M,-5.139425
AcrIIa4,G21P,-4.015252
AcrIIa4,G21Y,-3.273374
AcrIIa4,G21F,-3.6182935
AcrIIa4,G21W,-5.587265
AcrIIa4,T22K,-2.9475722
AcrIIa4,T22R,-4.3215747
AcrIIa4,T22H,-4.930685
AcrIIa4,T22E,-2.920663
AcrIIa4,T22D,-3.3408542
AcrIIa4,T22N,-3.2059793
AcrIIa4,T22Q,-4.2826195
AcrIIa4,T22T,0.0
AcrIIa4,T22S,-3.281614
AcrIIa4,T22C,-5.3819814
AcrIIa4,T22G,-3.9862576
AcrIIa4,T22A,-4.433276
AcrIIa4,T22V,-3.301754
AcrIIa4,T22L,-3.4513717
AcrIIa4,T22I,-2.7887714
AcrIIa4,T22M,-4.834421
AcrIIa4,T22P,-5.265527
AcrIIa4,T22Y,-3.054789
AcrIIa4,T22F,-3.2100346
AcrIIa4,T22W,-5.151492
AcrIIa4,D23K,-4.0482893
AcrIIa4,D23R,-4.9975834
AcrIIa4,D23H,-5.337706
AcrIIa4,D23E,-3.902705
AcrIIa4,D23D,0.0
AcrIIa4,D23N,-3.6350157
AcrIIa4,D23Q,-5.128519
AcrIIa4,D23T,-4.116052
AcrIIa4,D23S,-3.781335
AcrIIa4,D23C,-5.7156034
AcrIIa4,D23G,-4.24531
AcrIIa4,D23A,-4.843826
AcrIIa4,D23V,-4.217862
AcrIIa4,D23L,-4.0246396
AcrIIa4,D23I,-3.7494564
AcrIIa4,D23M,-5.665834
AcrIIa4,D23P,-4.7632937
AcrIIa4,D23Y,-4.1250772
AcrIIa4,D23F,-4.3565927
AcrIIa4,D23W,-6.3390665
AcrIIa4,S24K,-3.3744178
AcrIIa4,S24R,-4.4322004
AcrIIa4,S24H,-5.1421576
AcrIIa4,S24E,-2.3877044
AcrIIa4,S24D,-3.0242813
AcrIIa4,S24N,-3.2918563
AcrIIa4,S24Q,-4.585187
AcrIIa4,S24T,-4.0394363
AcrIIa4,S24S,0.0
AcrIIa4,S24C,-5.594717
AcrIIa4,S24G,-3.5635552
AcrIIa4,S24A,-4.3203273
AcrIIa4,S24V,-4.217116
AcrIIa4,S24L,-3.893627
AcrIIa4,S24I,-3.437352
AcrIIa4,S24M,-5.1466064
AcrIIa4,S24P,-4.458076
AcrIIa4,S24Y,-3.9941027
AcrIIa4,S24F,-4.073921
AcrIIa4,S24W,-5.545057
AcrIIa4,N25K,-4.0392594
AcrIIa4,N25R,-5.2511106
AcrIIa4,N25H,-5.328166
AcrIIa4,N25E,-3.087118
AcrIIa4,N25D,-2.9656034
AcrIIa4,N25N,0.0
AcrIIa4,N25Q,-4.9767847
AcrIIa4,N25T,-4.4014854
AcrIIa4,N25S,-3.8101912
AcrIIa4,N25C,-6.021331
AcrIIa4,N25G,-3.634249
AcrIIa4,N25A,-5.1155405
AcrIIa4,N25V,-4.944688
AcrIIa4,N25L,-4.3109055
AcrIIa4,N25I,-4.6125183
AcrIIa4,N25M,-5.9128156
AcrIIa4,N25P,-4.682713
AcrIIa4,N25Y,-4.1671457
AcrIIa4,N25F,-4.502722
AcrIIa4,N25W,-6.2839427
AcrIIa4,S26K,-3.5581155
AcrIIa4,S26R,-4.5373387
AcrIIa4,S26H,-4.677324
AcrIIa4,S26E,-2.7990375
AcrIIa4,S26D,-2.6479669
AcrIIa4,S26N,-2.673221
AcrIIa4,S26Q,-4.4030676
AcrIIa4,S26T,-3.8243494
AcrIIa4,S26S,0.0
AcrIIa4,S26C,-5.297202
AcrIIa4,S26G,-1.2825693
AcrIIa4,S26A,-4.3416677
AcrIIa4,S26V,-4.4057384
AcrIIa4,S26L,-3.9530182
AcrIIa4,S26I,-3.990816
AcrIIa4,S26M,-5.4269114
AcrIIa4,S26P,-4.4562955
AcrIIa4,S26Y,-3.834826
AcrIIa4,S26F,-4.143957
AcrIIa4,S26W,-5.745632
AcrIIa4,I27K,-2.6554134
AcrIIa4,I27R,-4.1628494
AcrIIa4,I27H,-4.474037
AcrIIa4,I27E,-2.0624218
AcrIIa4,I27D,-2.2975206
AcrIIa4,I27N,-2.4525898
AcrIIa4,I27Q,-3.6713822
AcrIIa4,I27T,-3.3653266
AcrIIa4,I27S,-3.051021
AcrIIa4,I27C,-5.2249966
AcrIIa4,I27G,-2.8333535
AcrIIa4,I27A,-4.1460476
AcrIIa4,I27V,-3.7610867
AcrIIa4,I27L,-3.4797165
AcrIIa4,I27I,0.0
AcrIIa4,I27M,-4.977729
AcrIIa4,I27P,-3.4096243
AcrIIa4,I27Y,-3.520952
AcrIIa4,I27F,-3.77714
AcrIIa4,I27W,-5.806572
AcrIIa4,T28K,-2.9501207
AcrIIa4,T28R,-4.0288944
AcrIIa4,T28H,-4.235236
AcrIIa4,T28E,-2.507378
AcrIIa4,T28D,-2.6941137
AcrIIa4,T28N,-2.7984047
AcrIIa4,T28Q,-3.8621366
AcrIIa4,T28T,0.0
AcrIIa4,T28S,-2.977467
AcrIIa4,T28C,-4.957985
AcrIIa4,T28G,-3.065697
AcrIIa4,T28A,-4.1099386
AcrIIa4,T28V,-3.9785125
AcrIIa4,T28L,-3.769593
AcrIIa4,T28I,-3.6978147
AcrIIa4,T28M,-5.1043673
AcrIIa4,T28P,-3.1955986
AcrIIa4,T28Y,-3.4478498
AcrIIa4,T28F,-4.283972
AcrIIa4,T28W,-5.470001
AcrIIa4,Q29K,-2.3281572
AcrIIa4,Q29R,-3.3459585
AcrIIa4,Q29H,-3.646571
AcrIIa4,Q29E,-2.0703259
AcrIIa4,Q29D,-2.064129
AcrIIa4,Q29N,-2.2862566
AcrIIa4,Q29Q,0.0
AcrIIa4,Q29T,-2.5958524
AcrIIa4,Q29S,-2.297198
AcrIIa4,Q29C,-4.434858
AcrIIa4,Q29G,-2.4791543
AcrIIa4,Q29A,-3.4294312
AcrIIa4,Q29V,-3.5724504
AcrIIa4,Q29L,-3.4774215
AcrIIa4,Q29I,-3.6214378
AcrIIa4,Q29M,-4.702379
AcrIIa4,Q29P,-2.7072053
AcrIIa4,Q29Y,-2.8935132
AcrIIa4,Q29F,-3.7931316
AcrIIa4,Q29W,-4.8741627
AcrIIa4,L30K,-3.53366
AcrIIa4,L30R,-4.2220697
AcrIIa4,L30H,-4.397618
AcrIIa4,L30E,-3.9511855
AcrIIa4,L30D,-4.3385773
AcrIIa4,L30N,-3.7954514
AcrIIa4,L30Q,-4.611474
AcrIIa4,L30T,-3.3041162
AcrIIa4,L30S,-3.56665
AcrIIa4,L30C,-4.6570673
AcrIIa4,L30G,-3.721495
AcrIIa4,L30A,-3.65749
AcrIIa4,L30V,-3.4346647
AcrIIa4,L30L,0.0
AcrIIa4,L30I,-3.21759
AcrIIa4,L30M,-4.7456207
AcrIIa4,L30P,-4.3538437
AcrIIa4,L30Y,-2.7203166
AcrIIa4,L30F,-3.437853
AcrIIa4,L30W,-4.9376116
AcrIIa4,I31K,-4.20342
AcrIIa4,I31R,-5.0108414
AcrIIa4,I31H,-5.247736
AcrIIa4,I31E,-3.7144651
AcrIIa4,I31D,-4.263941
AcrIIa4,I31N,-3.9353616
AcrIIa4,I31Q,-5.031557
AcrIIa4,I31T,-3.4462225
AcrIIa4,I31S,-3.7588334
AcrIIa4,I31C,-5.627448
AcrIIa4,I31G,-4.7321305
AcrIIa4,I31A,-4.857361
AcrIIa4,I31V,-3.8282626
AcrIIa4,I31L,-3.9178584
AcrIIa4,I31I,0.0
AcrIIa4,I31M,-5.334579
AcrIIa4,I31P,-6.577357
AcrIIa4,I31Y,-3.925193
AcrIIa4,I31F,-3.988066
AcrIIa4,I31W,-5.520706
AcrIIa4,I32K,-4.580821
AcrIIa4,I32R,-5.819279
AcrIIa4,I32H,-6.4863343
AcrIIa4,I32E,-4.487357
AcrIIa4,I32D,-5.363212
AcrIIa4,I32N,-5.1233315
AcrIIa4,I32Q,-5.863337
AcrIIa4,I32T,-4.9163685
AcrIIa4,I32S,-5.146307
AcrIIa4,I32C,-5.746432
AcrIIa4,I32G,-5.547125
AcrIIa4,I32A,-4.8713017
AcrIIa4,I32V,-3.6165314
AcrIIa4,I32L,-3.843964
AcrIIa4,I32I,0.0
AcrIIa4,I32M,-5.7634773
AcrIIa4,I32P,-7.9082465
AcrIIa4,I32Y,-4.4906244
AcrIIa4,I32F,-4.587034
AcrIIa4,I32W,-7.2586823
AcrIIa4,R33K,-2.441772
AcrIIa4,R33R,0.0
AcrIIa4,R33H,-3.923247
AcrIIa4,R33E,-2.622865
AcrIIa4,R33D,-3.1951241
AcrIIa4,R33N,-2.8079467
AcrIIa4,R33Q,-3.9100382
AcrIIa4,R33T,-2.1632512
AcrIIa4,R33S,-2.2274117
AcrIIa4,R33C,-3.850907
AcrIIa4,R33G,-3.1158664
AcrIIa4,R33A,-3.0045078
AcrIIa4,R33V,-2.3544412
AcrIIa4,R33L,-2.4582002
AcrIIa4,R33I,-2.1197042
AcrIIa4,R33M,-4.2505064
AcrIIa4,R33P,-5.243956
AcrIIa4,R33Y,-2.5828009
AcrIIa4,R33F,-2.6660943
AcrIIa4,R33W,-4.640056
AcrIIa4,V34K,-2.183402
AcrIIa4,V34R,-3.5726442
AcrIIa4,V34H,-4.5598426
AcrIIa4,V34E,-2.9050105
AcrIIa4,V34D,-2.979527
AcrIIa4,V34N,-2.7272081
AcrIIa4,V34Q,-3.9980211
AcrIIa4,V34T,-3.1505842
AcrIIa4,V34S,-3.377459
AcrIIa4,V34C,-5.0468125
AcrIIa4,V34G,-4.544149
AcrIIa4,V34A,-4.4536724
AcrIIa4,V34V,0.0
AcrIIa4,V34L,-3.1104736
AcrIIa4,V34I,-2.6905289
AcrIIa4,V34M,-4.7971134
AcrIIa4,V34P,-5.5331364
AcrIIa4,V34Y,-3.7103195
AcrIIa4,V34F,-3.4342017
AcrIIa4,V34W,-6.443846
AcrIIa4,N35K,-3.8049386
AcrIIa4,N35R,-5.1618757
AcrIIa4,N35H,-5.7491055
AcrIIa4,N35E,-3.2531757
AcrIIa4,N35D,-2.778451
AcrIIa4,N35N,0.0
AcrIIa4,N35Q,-5.1878195
AcrIIa4,N35T,-3.7231607
AcrIIa4,N35S,-3.3943868
AcrIIa4,N35C,-5.6737766
AcrIIa4,N35G,-4.3610163
AcrIIa4,N35A,-5.030486
AcrIIa4,N35V,-4.4429197
AcrIIa4,N35L,-4.179903
AcrIIa4,N35I,-4.012574
AcrIIa4,N35M,-5.6885424
AcrIIa4,N35P,-5.7695436
AcrIIa4,N35Y,-4.4454327
AcrIIa4,N35F,-4.648443
AcrIIa4,N35W,-6.4754887
AcrIIa4,N36K,-2.6014009
AcrIIa4,N36R,-4.3316526
AcrIIa4,N36H,-4.8522124
AcrIIa4,N36E,-2.5870533
AcrIIa4,N36D,-3.0990424
AcrIIa4,N36N,0.0
AcrIIa4,N36Q,-4.336339
AcrIIa4,N36T,-4.4518733
AcrIIa4,N36S,-3.390604
AcrIIa4,N36C,-5.877931
AcrIIa4,N36G,-4.773469
AcrIIa4,N36A,-4.529457
AcrIIa4,N36V,-4.4488626
AcrIIa4,N36L,-4.444179
AcrIIa4,N36I,-3.871536
AcrIIa4,N36M,-5.9791245
AcrIIa4,N36P,-4.2566557
AcrIIa4,N36Y,-4.681531
AcrIIa4,N36F,-4.98748
AcrIIa4,N36W,-7.061553
AcrIIa4,D37K,-3.991474
AcrIIa4,D37R,-5.5027027
AcrIIa4,D37H,-5.830555
AcrIIa4,D37E,-3.5504942
AcrIIa4,D37D,0.0
AcrIIa4,D37N,-3.3630662
AcrIIa4,D37Q,-4.9699364
AcrIIa4,D37T,-4.4475
AcrIIa4,D37S,-3.9994152
AcrIIa4,D37C,-6.4388494
AcrIIa4,D37G,-4.8028507
AcrIIa4,D37A,-5.5419893
AcrIIa4,D37V,-5.6824226
AcrIIa4,D37L,-4.786459
AcrIIa4,D37I,-4.8492203
AcrIIa4,D37M,-6.388419
AcrIIa4,D37P,-6.2315793
AcrIIa4,D37Y,-5.079826
AcrIIa4,D37F,-5.353659
AcrIIa4,D37W,-7.674616
AcrIIa4,G38K,-3.8187463
AcrIIa4,G38R,-5.5393877
AcrIIa4,G38H,-6.3305225
AcrIIa4,G38E,-3.1994562
AcrIIa4,G38D,-3.494717
AcrIIa4,G38N,-3.3434196
AcrIIa4,G38Q,-5.4290032
AcrIIa4,G38T,-4.4084454
AcrIIa4,G38S,-3.956333
AcrIIa4,G38C,-6.269947
AcrIIa4,G38G,0.0
AcrIIa4,G38A,-5.7411065
AcrIIa4,G38V,-5.2903986
AcrIIa4,G38L,-4.695963
AcrIIa4,G38I,-4.523284
AcrIIa4,G38M,-6.1018815
AcrIIa4,G38P,-6.1209946
AcrIIa4,G38Y,-5.046693
AcrIIa4,G38F,-5.1148834
AcrIIa4,G38W,-7.600728
AcrIIa4,N39K,-2.576377
AcrIIa4,N39R,-4.4667044
AcrIIa4,N39H,-5.4623694
AcrIIa4,N39E,-3.0124226
AcrIIa4,N39D,-3.8657308
AcrIIa4,N39N,0.0
AcrIIa4,N39Q,-4.5176873
AcrIIa4,N39T,-3.689924
AcrIIa4,N39S,-3.93333
AcrIIa4,N39C,-5.90598
AcrIIa4,N39G,-5.332974
AcrIIa4,N39A,-5.1176004
AcrIIa4,N39V,-3.8619523
AcrIIa4,N39L,-4.3619614
AcrIIa4,N39I,-3.5445452
AcrIIa4,N39M,-5.541546
AcrIIa4,N39P,-7.226121
AcrIIa4,N39Y,-4.135547
AcrIIa4,N39F,-4.4071608
AcrIIa4,N39W,-6.265316
AcrIIa4,E40K,-4.777655
AcrIIa4,E40R,-5.531694
AcrIIa4,E40H,-6.1347103
AcrIIa4,E40E,0.0
AcrIIa4,E40D,-4.436081
AcrIIa4,E40N,-4.7489686
AcrIIa4,E40Q,-5.05373
AcrIIa4,E40T,-4.766776
AcrIIa4,E40S,-4.5145144
AcrIIa4,E40C,-6.0001745
AcrIIa4,E40G,-5.3103228
AcrIIa4,E40A,-5.405041
AcrIIa4,E40V,-4.7613277
AcrIIa4,E40L,-4.752641
AcrIIa4,E40I,-4.400268
AcrIIa4,E40M,-6.3535147
AcrIIa4,E40P,-6.088332
AcrIIa4,E40Y,-4.6317034
AcrIIa4,E40F,-4.963358
AcrIIa4,E40W,-6.6267166
AcrIIa4,Y41K,-4.6738467
AcrIIa4,Y41R,-5.745607
AcrIIa4,Y41H,-6.1787295
AcrIIa4,Y41E,-4.4816484
AcrIIa4,Y41D,-5.6724567
AcrIIa4,Y41N,-5.5590873
AcrIIa4,Y41Q,-5.7464013
AcrIIa4,Y41T,-4.6776905
AcrIIa4,Y41S,-5.3731117
AcrIIa4,Y41C,-6.014103
AcrIIa4,Y41G,-6.541091
AcrIIa4,Y41A,-5.409151
AcrIIa4,Y41V,-3.4465334
AcrIIa4,Y41L,-3.5587695
AcrIIa4,Y41I,-2.8257565
AcrIIa4,Y41M,-5.45395
AcrIIa4,Y41P,-6.91534
AcrIIa4,Y41Y,0.0
AcrIIa4,Y41F,-3.5639052
AcrIIa4,Y41W,-5.46652
AcrIIa4,V42K,-4.7638264
AcrIIa4,V42R,-5.295721
AcrIIa4,V42H,-5.7117605
AcrIIa4,V42E,-3.7963283
AcrIIa4,V42D,-4.502801
AcrIIa4,V42N,-4.785816
AcrIIa4,V42Q,-5.269622
AcrIIa4,V42T,-4.3465447
AcrIIa4,V42S,-4.1877146
AcrIIa4,V42C,-5.164156
AcrIIa4,V42G,-5.400478
AcrIIa4,V42A,-4.6910105
AcrIIa4,V42V,0.0
AcrIIa4,V42L,-2.9013762
AcrIIa4,V42I,-2.7447708
AcrIIa4,V42M,-5.2595315
AcrIIa4,V42P,-5.6079907
AcrIIa4,V42Y,-3.5929847
AcrIIa4,V42F,-3.4442732
AcrIIa4,V42W,-5.025533
AcrIIa4,I43K,-6.072235
AcrIIa4,I43R,-6.9679656
AcrIIa4,I43H,-6.9537516
AcrIIa4,I43E,-5.287125
AcrIIa4,I43D,-6.088332
AcrIIa4,I43N,-6.1566463
AcrIIa4,I43Q,-6.7050557
AcrIIa4,I43T,-5.2457833
AcrIIa4,I43S,-5.5852857
AcrIIa4,I43C,-6.5016794
AcrIIa4,I43G,-7.055249
AcrIIa4,I43A,-6.131592
AcrIIa4,I43V,-4.0189877
AcrIIa4,I43L,-3.8717723
AcrIIa4,I43I,0.0
AcrIIa4,I43M,-6.16179
AcrIIa4,I43P,-8.145691
AcrIIa4,I43Y,-4.341367
AcrIIa4,I43F,-4.4561896
AcrIIa4,I43W,-6.6929693
AcrIIa4,S44K,-4.129302
AcrIIa4,S44R,-4.8269444
AcrIIa4,S44H,-5.099305
AcrIIa4,S44E,-3.6184616
AcrIIa4,S44D,-3.804486
AcrIIa4,S44N,-4.152501
AcrIIa4,S44Q,-4.897972
AcrIIa4,S44T,-3.7097914
AcrIIa4,S44S,0.0
AcrIIa4,S44C,-4.2792454
AcrIIa4,S44G,-3.4697714
AcrIIa4,S44A,-3.0806847
AcrIIa4,S44V,-3.3035645
AcrIIa4,S44L,-3.1086564
AcrIIa4,S44I,-3.0283852
AcrIIa4,S44M,-4.8773174
AcrIIa4,S44P,-5.3143473
AcrIIa4,S44Y,-3.334942
AcrIIa4,S44F,-3.214913
AcrIIa4,S44W,-5.344165
AcrIIa4,E45K,-3.9673078
AcrIIa4,E45R,-4.912161
AcrIIa4,E45H,-5.0282025
AcrIIa4,E45E,0.0
AcrIIa4,E45D,-3.9473512
AcrIIa4,E45N,-3.9076707
AcrIIa4,E45Q,-4.624747
AcrIIa4,E45T,-3.9114463
AcrIIa4,E45S,-3.6126878
AcrIIa4,E45C,-5.3021007
AcrIIa4,E45G,-4.768557
AcrIIa4,E45A,-4.611964
AcrIIa4,E45V,-4.0126333
AcrIIa4,E45L,-3.862035
AcrIIa4,E45I,-3.6454134
AcrIIa4,E45M,-5.4074087
AcrIIa4,E45P,-5.193809
AcrIIa4,E45Y,-3.9164836
AcrIIa4,E45F,-4.004077
AcrIIa4,E45W,-6.127605
AcrIIa4,S46K,-4.1161747
AcrIIa4,S46R,-4.9839945
AcrIIa4,S46H,-4.378727
AcrIIa4,S46E,-3.66813
AcrIIa4,S46D,-3.5502415
AcrIIa4,S46N,-3.4571881
AcrIIa4,S46Q,-5.0969434
AcrIIa4,S46T,-3.3357513
AcrIIa4,S46S,0.0
AcrIIa4,S46C,-4.1057568
AcrIIa4,S46G,-4.137441
AcrIIa4,S46A,-4.2259274
AcrIIa4,S46V,-3.7101212
AcrIIa4,S46L,-3.4543483
AcrIIa4,S46I,-3.0853786
AcrIIa4,S46M,-5.1147766
AcrIIa4,S46P,-5.1655917
AcrIIa4,S46Y,-2.8192208
AcrIIa4,S46F,-2.8357205
AcrIIa4,S46W,-5.600528
AcrIIa4,E47K,-3.8317475
AcrIIa4,E47R,-5.0765924
AcrIIa4,E47H,-5.397907
AcrIIa4,E47E,0.0
AcrIIa4,E47D,-3.6019895
AcrIIa4,E47N,-3.752628
AcrIIa4,E47Q,-4.846278
AcrIIa4,E47T,-3.9627194
AcrIIa4,E47S,-3.7212238
AcrIIa4,E47C,-5.7491736
AcrIIa4,E47G,-4.4191656
AcrIIa4,E47A,-4.8563476
AcrIIa4,E47V,-4.473862
AcrIIa4,E47L,-4.0316744
AcrIIa4,E47I,-3.8885465
AcrIIa4,E47M,-5.2933393
AcrIIa4,E47P,-4.836598
AcrIIa4,E47Y,-4.192141
AcrIIa4,E47F,-4.36526
AcrIIa4,E47W,-6.0879135
AcrIIa4,N48K,-3.738927
AcrIIa4,N48R,-4.748861
AcrIIa4,N48H,-5.4652424
AcrIIa4,N48E,-3.670123
AcrIIa4,N48D,-3.0648003
AcrIIa4,N48N,0.0
AcrIIa4,N48Q,-5.0385814
AcrIIa4,N48T,-4.1266623
AcrIIa4,N48S,-3.8654814
AcrIIa4,N48C,-5.7296715
AcrIIa4,N48G,-4.6243377
AcrIIa4,N48A,-4.0637836
AcrIIa4,N48V,-4.103278
AcrIIa4,N48L,-3.4728785
AcrIIa4,N48I,-3.6434212
AcrIIa4,N48M,-5.2583838
AcrIIa4,N48P,-4.665482
AcrIIa4,N48Y,-4.057482
AcrIIa4,N48F,-4.0289745
AcrIIa4,N48W,-6.442436
AcrIIa4,E49K,-3.738023
AcrIIa4,E49R,-5.0823207
AcrIIa4,E49H,-5.560411
AcrIIa4,E49E,0.0
AcrIIa4,E49D,-3.5812845
AcrIIa4,E49N,-3.8224719
AcrIIa4,E49Q,-4.611631
AcrIIa4,E49T,-4.638221
AcrIIa4,E49S,-3.946479
AcrIIa4,E49C,-6.424639
AcrIIa4,E49G,-4.3199735
AcrIIa4,E49A,-5.0710297
AcrIIa4,E49V,-4.9660482
AcrIIa4,E49L,-4.1547546
AcrIIa4,E49I,-4.199313
AcrIIa4,E49M,-5.4631486
AcrIIa4,E49P,-4.4587045
AcrIIa4,E49Y,-4.6823797
AcrIIa4,E49F,-4.8550386
AcrIIa4,E49W,-6.5314727
AcrIIa4,S50K,-3.210061
AcrIIa4,S50R,-4.611664
AcrIIa4,S50H,-5.132422
AcrIIa4,S50E,-1.9427505
AcrIIa4,S50D,-2.8628974
AcrIIa4,S50N,-3.2507486
AcrIIa4,S50Q,-4.173579
AcrIIa4,S50T,-3.8539
AcrIIa4,S50S,0.0
AcrIIa4,S50C,-5.9612074
AcrIIa4,S50G,-4.0331125
AcrIIa4,S50A,-4.0295963
AcrIIa4,S50V,-3.9845448
AcrIIa4,S50L,-3.4933429
AcrIIa4,S50I,-3.4932952
AcrIIa4,S50M,-5.0421596
AcrIIa4,S50P,-4.6911683
AcrIIa4,S50Y,-3.939805
AcrIIa4,S50F,-4.1068625
AcrIIa4,S50W,-5.727512
AcrIIa4,I51K,-3.4538789
AcrIIa4,I51R,-4.6839547
AcrIIa4,I51H,-5.1080627
AcrIIa4,I51E,-2.2778955
AcrIIa4,I51D,-2.3714893
AcrIIa4,I51N,-3.2767975
AcrIIa4,I51Q,-4.063299
AcrIIa4,I51T,-3.6385646
AcrIIa4,I51S,-3.3871665
AcrIIa4,I51C,-5.7750893
AcrIIa4,I51G,-3.931436
AcrIIa4,I51A,-3.9425387
AcrIIa4,I51V,-3.7522235
AcrIIa4,I51L,-3.2686036
AcrIIa4,I51I,0.0
AcrIIa4,I51M,-4.865369
AcrIIa4,I51P,-4.982121
AcrIIa4,I51Y,-4.204309
AcrIIa4,I51F,-3.9880443
AcrIIa4,I51W,-6.11635
AcrIIa4,V52K,-2.5816014
AcrIIa4,V52R,-3.4211292
AcrIIa4,V52H,-4.5386515
AcrIIa4,V52E,-2.7648392
AcrIIa4,V52D,-2.7982898
AcrIIa4,V52N,-2.8799071
AcrIIa4,V52Q,-3.8390062
AcrIIa4,V52T,-3.2272959
AcrIIa4,V52S,-2.797564
AcrIIa4,V52C,-4.91066
AcrIIa4,V52G,-3.3753932
AcrIIa4,V52A,-2.762747
AcrIIa4,V52V,0.0
AcrIIa4,V52L,-3.1510773
AcrIIa4,V52I,-2.9812634
AcrIIa4,V52M,-4.8441916
AcrIIa4,V52P,-3.774195
AcrIIa4,V52Y,-3.4862282
AcrIIa4,V52F,-3.5479844
AcrIIa4,V52W,-5.221195
AcrIIa4,E53K,-3.7142909
AcrIIa4,E53R,-5.0021048
AcrIIa4,E53H,-5.776531
AcrIIa4,E53E,0.0
AcrIIa4,E53D,-3.3708375
AcrIIa4,E53N,-3.3398008
AcrIIa4,E53Q,-4.7856045
AcrIIa4,E53T,-4.7050877
AcrIIa4,E53S,-3.8354137
AcrIIa4,E53C,-6.683977
AcrIIa4,E53G,-4.6738067
AcrIIa4,E53A,-5.1910954
AcrIIa4,E53V,-5.540037
AcrIIa4,E53L,-4.8066306
AcrIIa4,E53I,-5.1428022
AcrIIa4,E53M,-6.138199
AcrIIa4,E53P,-5.276322
AcrIIa4,E53Y,-5.01495
AcrIIa4,E53F,-5.247947
AcrIIa4,E53W,-6.6641216
AcrIIa4,K54K,0.0
AcrIIa4,K54R,-4.4015102
AcrIIa4,K54H,-5.1308627
AcrIIa4,K54E,-2.7581563
AcrIIa4,K54D,-2.8131797
AcrIIa4,K54N,-3.3254218
AcrIIa4,K54Q,-4.2359548
AcrIIa4,K54T,-3.927403
AcrIIa4,K54S,-3.2855895
AcrIIa4,K54C,-5.316897
AcrIIa4,K54G,-3.4065914
AcrIIa4,K54A,-3.8038063
AcrIIa4,K54V,-4.4735065
AcrIIa4,K54L,-4.0736732
AcrIIa4,K54I,-4.315593
AcrIIa4,K54M,-5.214114
AcrIIa4,K54P,-5.052722
AcrIIa4,K54Y,-4.556897
AcrIIa4,K54F,-4.72707
AcrIIa4,K54W,-6.212218
AcrIIa4,F55K,-3.6053758
AcrIIa4,F55R,-4.1081195
AcrIIa4,F55H,-4.4807277
AcrIIa4,F55E,-3.034915
AcrIIa4,F55D,-3.4329877
AcrIIa4,F55N,-3.4941669
AcrIIa4,F55Q,-4.1901684
AcrIIa4,F55T,-3.1569657
AcrIIa4,F55S,-3.436224
AcrIIa4,F55C,-4.56981
AcrIIa4,F55G,-3.828125
AcrIIa4,F55A,-2.8167644
AcrIIa4,F55V,-2.8977704
AcrIIa4,F55L,-2.5044813
AcrIIa4,F55I,-2.395412
AcrIIa4,F55M,-3.7401724
AcrIIa4,F55P,-4.838501
AcrIIa4,F55Y,-3.3050184
AcrIIa4,F55F,0.0
AcrIIa4,F55W,-5.176217
AcrIIa4,I56K,-3.615728
AcrIIa4,I56R,-4.995317
AcrIIa4,I56H,-5.8849444
AcrIIa4,I56E,-3.587186
AcrIIa4,I56D,-4.4283495
AcrIIa4,I56N,-4.1175547
AcrIIa4,I56Q,-5.192231
AcrIIa4,I56T,-4.7180567
AcrIIa4,I56S,-4.6067147
AcrIIa4,I56C,-6.114316
AcrIIa4,I56G,-5.5015078
AcrIIa4,I56A,-4.9459214
AcrIIa4,I56V,-4.0928817
AcrIIa4,I56L,-3.8643646
AcrIIa4,I56I,0.0
AcrIIa4,I56M,-5.5279055
AcrIIa4,I56P,-6.085814
AcrIIa4,I56Y,-4.500133
AcrIIa4,I56F,-4.8302937
AcrIIa4,I56W,-6.650443
AcrIIa4,S57K,-3.4226594
AcrIIa4,S57R,-4.738614
AcrIIa4,S57H,-5.270712
AcrIIa4,S57E,-2.3080235
AcrIIa4,S57D,-2.6954918
AcrIIa4,S57N,-3.0058315
AcrIIa4,S57Q,-4.1155596
AcrIIa4,S57T,-3.7471836
AcrIIa4,S57S,0.0
AcrIIa4,S57C,-6.102954
AcrIIa4,S57G,-4.7233715
AcrIIa4,S57A,-4.3681107
AcrIIa4,S57V,-4.859292
AcrIIa4,S57L,-4.2124257
AcrIIa4,S57I,-4.382249
AcrIIa4,S57M,-5.61758
AcrIIa4,S57P,-5.017069
AcrIIa4,S57Y,-4.338922
AcrIIa4,S57F,-4.870227
AcrIIa4,S57W,-6.219702
AcrIIa4,A58K,-3.099629
AcrIIa4,A58R,-4.0214405
AcrIIa4,A58H,-4.215519
AcrIIa4,A58E,-2.37512
AcrIIa4,A58D,-1.9366539
AcrIIa4,A58N,-2.8657467
AcrIIa4,A58Q,-3.8879213
AcrIIa4,A58T,-3.7432194
AcrIIa4,A58S,-3.0314584
AcrIIa4,A58C,-4.897318
AcrIIa4,A58G,-3.515161
AcrIIa4,A58A,0.0
AcrIIa4,A58V,-3.9201365
AcrIIa4,A58L,-3.3444479
AcrIIa4,A58I,-3.5171208
AcrIIa4,A58M,-4.4770246
AcrIIa4,A58P,-5.103855
AcrIIa4,A58Y,-3.5107327
AcrIIa4,A58F,-3.9763856
AcrIIa4,A58W,-4.6922126
AcrIIa4,F59K,-4.035694
AcrIIa4,F59R,-4.9672294
AcrIIa4,F59H,-5.149367
AcrIIa4,F59E,-3.8947358
AcrIIa4,F59D,-4.0272803
AcrIIa4,F59N,-3.9384017
AcrIIa4,F59Q,-4.9639235
AcrIIa4,F59T,-4.236198
AcrIIa4,F59S,-4.06917
AcrIIa4,F59C,-4.89487
AcrIIa4,F59G,-4.7109957
AcrIIa4,F59A,-3.8973484
AcrIIa4,F59V,-3.180407
AcrIIa4,F59L,-2.5705273
AcrIIa4,F59I,-2.4786975
AcrIIa4,F59M,-4.235498
AcrIIa4,F59P,-5.603255
AcrIIa4,F59Y,-3.5560381
AcrIIa4,F59F,0.0
AcrIIa4,F59W,-5.418223
AcrIIa4,K60K,0.0
AcrIIa4,K60R,-4.7919254
AcrIIa4,K60H,-5.650731
AcrIIa4,K60E,-2.8269148
AcrIIa4,K60D,-3.6841872
AcrIIa4,K60N,-3.2686415
AcrIIa4,K60Q,-4.5649714
AcrIIa4,K60T,-4.5429354
AcrIIa4,K60S,-4.015131
AcrIIa4,K60C,-5.7946773
AcrIIa4,K60G,-4.693306
AcrIIa4,K60A,-5.0605845
AcrIIa4,K60V,-4.5226836
AcrIIa4,K60L,-4.071874
AcrIIa4,K60I,-3.9203587
AcrIIa4,K60M,-5.5185547
AcrIIa4,K60P,-4.9670067
AcrIIa4,K60Y,-4.84096
AcrIIa4,K60F,-5.152776
AcrIIa4,K60W,-6.8941107
AcrIIa4,N61K,-3.7630832
AcrIIa4,N61R,-5.0110455
AcrIIa4,N61H,-5.503265
AcrIIa4,N61E,-3.1838078
AcrIIa4,N61D,-3.3138897
AcrIIa4,N61N,0.0
AcrIIa4,N61Q,-4.7371826
AcrIIa4,N61T,-4.5320263
AcrIIa4,N61S,-3.8247664
AcrIIa4,N61C,-6.0025005
AcrIIa4,N61G,-4.8982286
AcrIIa4,N61A,-4.7412024
AcrIIa4,N61V,-5.023179
AcrIIa4,N61L,-4.393237
AcrIIa4,N61I,-4.5504823
AcrIIa4,N61M,-5.7306952
AcrIIa4,N61P,-5.850167
AcrIIa4,N61Y,-4.767577
AcrIIa4,N61F,-5.181555
AcrIIa4,N61W,-6.4867
AcrIIa4,G62K,-2.7883263
AcrIIa4,G62R,-3.8697867
AcrIIa4,G62H,-4.1103244
AcrIIa4,G62E,-2.3383498
AcrIIa4,G62D,-2.5928683
AcrIIa4,G62N,-2.8484817
AcrIIa4,G62Q,-3.7297983
AcrIIa4,G62T,-3.532175
AcrIIa4,G62S,-3.0660825
AcrIIa4,G62C,-4.5907135
AcrIIa4,G62G,0.0
AcrIIa4,G62A,-3.5072389
AcrIIa4,G62V,-3.4485173
AcrIIa4,G62L,-3.1097722
AcrIIa4,G62I,-2.8961167
AcrIIa4,G62M,-4.2985897
AcrIIa4,G62P,-5.1205196
AcrIIa4,G62Y,-3.1713834
AcrIIa4,G62F,-3.5475245
AcrIIa4,G62W,-4.707947
AcrIIa4,W63K,-1.9543786
AcrIIa4,W63R,-3.2576926
AcrIIa4,W63H,-3.8083594
AcrIIa4,W63E,-1.4154379
AcrIIa4,W63D,-2.0121367
AcrIIa4,W63N,-2.1228244
AcrIIa4,W63Q,-3.1850827
AcrIIa4,W63T,-2.3457153
AcrIIa4,W63S,-2.1582394
AcrIIa4,W63C,-3.663499
AcrIIa4,W63G,-2.9115202
AcrIIa4,W63A,-2.9541924
AcrIIa4,W63V,-2.0419488
AcrIIa4,W63L,-1.3408046
AcrIIa4,W63I,-1.3538675
AcrIIa4,W63M,-2.9921563
AcrIIa4,W63P,-3.9944584
AcrIIa4,W63Y,-1.9398172
AcrIIa4,W63F,-1.8258972
AcrIIa4,W63W,0.0
AcrIIa4,N64K,-3.4179955
AcrIIa4,N64R,-4.6067824
AcrIIa4,N64H,-4.8126054
AcrIIa4,N64E,-3.026451
AcrIIa4,N64D,-3.399911
AcrIIa4,N64N,0.0
AcrIIa4,N64Q,-4.3431273
AcrIIa4,N64T,-4.0086365
AcrIIa4,N64S,-3.7953575
AcrIIa4,N64C,-5.1437764
AcrIIa4,N64G,-3.9836905
AcrIIa4,N64A,-4.3095765
AcrIIa4,N64V,-3.2414713
AcrIIa4,N64L,-3.0704422
AcrIIa4,N64I,-2.6867547
AcrIIa4,N64M,-4.700241
AcrIIa4,N64P,-4.8560286
AcrIIa4,N64Y,-3.6045804
AcrIIa4,N64F,-3.606787
AcrIIa4,N64W,-4.9242935
AcrIIa4,Q65K,-2.154707
AcrIIa4,Q65R,-3.134077
AcrIIa4,Q65H,-3.6957436
AcrIIa4,Q65E,-1.5156177
AcrIIa4,Q65D,-1.5823139
AcrIIa4,Q65N,-2.0471706
AcrIIa4,Q65Q,0.0
AcrIIa4,Q65T,-2.3197103
AcrIIa4,Q65S,-1.9629325
AcrIIa4,Q65C,-2.9824405
AcrIIa4,Q65G,-1.7444075
AcrIIa4,Q65A,-2.537097
AcrIIa4,Q65V,-1.5508932
AcrIIa4,Q65L,-1.8457373
AcrIIa4,Q65I,-1.2123159
AcrIIa4,Q65M,-3.1814184
AcrIIa4,Q65P,-2.9612446
AcrIIa4,Q65Y,-2.0473652
AcrIIa4,Q65F,-2.0594802
AcrIIa4,Q65W,-4.1818852
AcrIIa4,E66K,-3.894021
AcrIIa4,E66R,-5.0105276
AcrIIa4,E66H,-5.1846375
AcrIIa4,E66E,0.0
AcrIIa4,E66D,-3.84764
AcrIIa4,E66N,-3.8039994
AcrIIa4,E66Q,-4.7408442
AcrIIa4,E66T,-4.19457
AcrIIa4,E66S,-3.925457
AcrIIa4,E66C,-5.4284115
AcrIIa4,E66G,-4.3832507
AcrIIa4,E66A,-4.736581
AcrIIa4,E66V,-3.703967
AcrIIa4,E66L,-3.8618293
AcrIIa4,E66I,-3.466866
AcrIIa4,E66M,-5.445388
AcrIIa4,E66P,-4.918272
AcrIIa4,E66Y,-3.9626827
AcrIIa4,E66F,-4.012018
AcrIIa4,E66W,-5.836897
AcrIIa4,Y67K,-4.2065535
AcrIIa4,Y67R,-5.299146
AcrIIa4,Y67H,-5.686832
AcrIIa4,Y67E,-3.5696568
AcrIIa4,Y67D,-3.8631566
AcrIIa4,Y67N,-4.1360755
AcrIIa4,Y67Q,-4.991539
AcrIIa4,Y67T,-4.5853925
AcrIIa4,Y67S,-4.3180566
AcrIIa4,Y67C,-5.3246274
AcrIIa4,Y67G,-4.7547474
AcrIIa4,Y67A,-4.5863676
AcrIIa4,Y67V,-4.144839
AcrIIa4,Y67L,-3.8151062
AcrIIa4,Y67I,-3.1575634
AcrIIa4,Y67M,-5.4584064
AcrIIa4,Y67P,-4.847147
AcrIIa4,Y67Y,0.0
AcrIIa4,Y67F,-3.0334687
AcrIIa4,Y67W,-5.1298513
AcrIIa4,E68K,-3.964625
AcrIIa4,E68R,-5.4601803
AcrIIa4,E68H,-5.9573727
AcrIIa4,E68E,0.0
AcrIIa4,E68D,-3.577837
AcrIIa4,E68N,-4.0116863
AcrIIa4,E68Q,-4.782025
AcrIIa4,E68T,-4.37769
AcrIIa4,E68S,-3.9187922
AcrIIa4,E68C,-6.107448
AcrIIa4,E68G,-4.995509
AcrIIa4,E68A,-4.957742
AcrIIa4,E68V,-4.5495467
AcrIIa4,E68L,-3.6859126
AcrIIa4,E68I,-3.6152358
AcrIIa4,E68M,-4.5990024
AcrIIa4,E68P,-4.5875096
AcrIIa4,E68Y,-4.5626554
AcrIIa4,E68F,-4.3811226
AcrIIa4,E68W,-6.6431475
AcrIIa4,D69K,-5.44973
AcrIIa4,D69R,-6.7005587
AcrIIa4,D69H,-6.821937
AcrIIa4,D69E,-4.4830523
AcrIIa4,D69D,0.0
AcrIIa4,D69N,-3.5227065
AcrIIa4,D69Q,-6.3056903
AcrIIa4,D69T,-3.168254
AcrIIa4,D69S,-2.7224722
AcrIIa4,D69C,-6.462655
AcrIIa4,D69G,-5.425228
AcrIIa4,D69A,-5.7813454
AcrIIa4,D69V,-5.690666
AcrIIa4,D69L,-4.963452
AcrIIa4,D69I,-5.074459
AcrIIa4,D69M,-6.6101527
AcrIIa4,D69P,-6.149968
AcrIIa4,D69Y,-5.4521384
AcrIIa4,D69F,-5.4364753
AcrIIa4,D69W,-7.1577845
AcrIIa4,E70K,-4.432042
AcrIIa4,E70R,-5.4623003
AcrIIa4,E70H,-6.5873623
AcrIIa4,E70E,0.0
AcrIIa4,E70D,-4.1824923
AcrIIa4,E70N,-4.869585
AcrIIa4,E70Q,-5.324718
AcrIIa4,E70T,-5.0393624
AcrIIa4,E70S,-4.694386
AcrIIa4,E70C,-6.360195
AcrIIa4,E70G,-5.6196966
AcrIIa4,E70A,-4.2888722
AcrIIa4,E70V,-4.0673323
AcrIIa4,E70L,-3.2724757
AcrIIa4,E70I,-3.3810449
AcrIIa4,E70M,-4.866382
AcrIIa4,E70P,-5.0870323
AcrIIa4,E70Y,-4.385724
AcrIIa4,E70F,-3.826644
AcrIIa4,E70W,-5.3421326
AcrIIa4,E71K,-4.347401
AcrIIa4,E71R,-5.669251
AcrIIa4,E71H,-6.4116955
AcrIIa4,E71E,0.0
AcrIIa4,E71D,-3.7364922
AcrIIa4,E71N,-4.190529
AcrIIa4,E71Q,-4.854643
AcrIIa4,E71T,-5.1356273
AcrIIa4,E71S,-4.537956
AcrIIa4,E71C,-6.8779655
AcrIIa4,E71G,-6.0508437
AcrIIa4,E71A,-5.475902
AcrIIa4,E71V,-5.2927322
AcrIIa4,E71L,-4.5436254
AcrIIa4,E71I,-4.5601473
AcrIIa4,E71M,-5.6673155
AcrIIa4,E71P,-6.9389305
AcrIIa4,E71Y,-5.109229
AcrIIa4,E71F,-5.1773734
AcrIIa4,E71W,-6.6904373
AcrIIa4,E72K,-4.435794
AcrIIa4,E72R,-5.7037063
AcrIIa4,E72H,-6.3444757
AcrIIa4,E72E,0.0
AcrIIa4,E72D,-3.7495182
AcrIIa4,E72N,-4.9142637
AcrIIa4,E72Q,-4.7372503
AcrIIa4,E72T,-4.6850543
AcrIIa4,E72S,-3.8861465
AcrIIa4,E72C,-6.986965
AcrIIa4,E72G,-5.3703775
AcrIIa4,E72A,-4.776858
AcrIIa4,E72V,-5.631089
AcrIIa4,E72L,-5.080405
AcrIIa4,E72I,-5.3145366
AcrIIa4,E72M,-6.0981936
AcrIIa4,E72P,-7.0120325
AcrIIa4,E72Y,-5.608915
AcrIIa4,E72F,-5.898678
AcrIIa4,E72W,-7.0757217
AcrIIa4,F73K,-5.6248856
AcrIIa4,F73R,-6.288353
AcrIIa4,F73H,-6.592046
AcrIIa4,F73E,-4.512702
AcrIIa4,F73D,-4.7951097
AcrIIa4,F73N,-5.2500496
AcrIIa4,F73Q,-6.374064
AcrIIa4,F73T,-5.5447063
AcrIIa4,F73S,-5.420272
AcrIIa4,F73C,-6.851102
AcrIIa4,F73G,-6.053644
AcrIIa4,F73A,-4.8778906
AcrIIa4,F73V,-5.003414
AcrIIa4,F73L,-3.8629909
AcrIIa4,F73I,-4.2036214
AcrIIa4,F73M,-5.85085
AcrIIa4,F73P,-6.9846745
AcrIIa4,F73Y,-4.1291246
AcrIIa4,F73F,0.0
AcrIIa4,F73W,-5.751505
AcrIIa4,Y74K,-3.17484
AcrIIa4,Y74R,-4.324853
AcrIIa4,Y74H,-5.498824
AcrIIa4,Y74E,-2.6319394
AcrIIa4,Y74D,-3.5392613
AcrIIa4,Y74N,-3.0780978
AcrIIa4,Y74Q,-4.3611884
AcrIIa4,Y74T,-4.1464834
AcrIIa4,Y74S,-3.9368272
AcrIIa4,Y74C,-5.7294884
AcrIIa4,Y74G,-5.3328924
AcrIIa4,Y74A,-4.467448
AcrIIa4,Y74V,-3.722221
AcrIIa4,Y74L,-2.3060412
AcrIIa4,Y74I,-2.3209772
AcrIIa4,Y74M,-4.189173
AcrIIa4,Y74P,-5.9237604
AcrIIa4,Y74Y,0.0
AcrIIa4,Y74F,-3.129655
AcrIIa4,Y74W,-3.7584987
AcrIIa4,N75K,-3.2351706
AcrIIa4,N75R,-4.3096256
AcrIIa4,N75H,-5.694207
AcrIIa4,N75E,-3.3051457
AcrIIa4,N75D,-3.991087
AcrIIa4,N75N,0.0
AcrIIa4,N75Q,-4.452816
AcrIIa4,N75T,-4.67757
AcrIIa4,N75S,-3.872663
AcrIIa4,N75C,-6.31629
AcrIIa4,N75G,-5.167509
AcrIIa4,N75A,-4.635993
AcrIIa4,N75V,-5.242656
AcrIIa4,N75L,-4.5688324
AcrIIa4,N75I,-4.5985146
AcrIIa4,N75M,-5.942024
AcrIIa4,N75P,-6.0675626
AcrIIa4,N75Y,-4.9265985
AcrIIa4,N75F,-4.9516587
AcrIIa4,N75W,-6.705642
AcrIIa4,D76K,-3.252081
AcrIIa4,D76R,-4.0955195
AcrIIa4,D76H,-4.1167974
AcrIIa4,D76E,-2.8658807
AcrIIa4,D76D,0.0
AcrIIa4,D76N,-3.3872304
AcrIIa4,D76Q,-4.205604
AcrIIa4,D76T,-3.7586753
AcrIIa4,D76S,-3.1335638
AcrIIa4,D76C,-5.2478104
AcrIIa4,D76G,-4.049189
AcrIIa4,D76A,-3.2086372
AcrIIa4,D76V,-4.345563
AcrIIa4,D76L,-3.6086028
AcrIIa4,D76I,-3.947233
AcrIIa4,D76M,-4.837553
AcrIIa4,D76P,-5.819474
AcrIIa4,D76Y,-2.8152895
AcrIIa4,D76F,-2.7586226
AcrIIa4,D76W,-3.4131453
AcrIIa4,M77K,-3.3628774
AcrIIa4,M77R,-4.4779296
AcrIIa4,M77H,-4.823797
AcrIIa4,M77E,-2.8502057
AcrIIa4,M77D,-3.1618311
AcrIIa4,M77N,-3.0288653
AcrIIa4,M77Q,-4.3830986
AcrIIa4,M77T,-3.8676023
AcrIIa4,M77S,-3.4097261
AcrIIa4,M77C,-4.002497
AcrIIa4,M77G,-3.2101378
AcrIIa4,M77A,-4.0422573
AcrIIa4,M77V,-2.7162888
AcrIIa4,M77L,-1.4914379
AcrIIa4,M77I,-1.9039631
AcrIIa4,M77M,0.0
AcrIIa4,M77P,-4.598409
AcrIIa4,M77Y,-2.389838
AcrIIa4,M77F,-2.5029578
AcrIIa4,M77W,-3.283157
AcrIIa4,Q78K,-1.9379549
AcrIIa4,Q78R,-3.3474855
AcrIIa4,Q78H,-4.1915846
AcrIIa4,Q78E,-2.0467925
AcrIIa4,Q78D,-2.4940841
AcrIIa4,Q78N,-2.356449
AcrIIa4,Q78Q,0.0
AcrIIa4,Q78T,-3.2688336
AcrIIa4,Q78S,-2.8061686
AcrIIa4,Q78C,-4.338955
AcrIIa4,Q78G,-3.3746567
AcrIIa4,Q78A,-3.361186
AcrIIa4,Q78V,-2.9116797
AcrIIa4,Q78L,-2.1605604
AcrIIa4,Q78I,-2.359706
AcrIIa4,Q78M,-3.3694797
AcrIIa4,Q78P,-4.19841
AcrIIa4,Q78Y,-3.153891
AcrIIa4,Q78F,-2.9766
AcrIIa4,Q78W,-4.4106607
AcrIIa4,T79K,-2.429509
AcrIIa4,T79R,-3.3336523
AcrIIa4,T79H,-4.5317125
AcrIIa4,T79E,-2.0721886
AcrIIa4,T79D,-2.7267368
AcrIIa4,T79N,-2.030443
AcrIIa4,T79Q,-3.6151495
AcrIIa4,T79T,0.0
AcrIIa4,T79S,-2.6415553
AcrIIa4,T79C,-5.2097397
AcrIIa4,T79G,-3.6591277
AcrIIa4,T79A,-3.5262156
AcrIIa4,T79V,-3.9772487
AcrIIa4,T79L,-3.23012
AcrIIa4,T79I,-3.3561637
AcrIIa4,T79M,-4.424123
AcrIIa4,T79P,-4.545582
AcrIIa4,T79Y,-3.4901218
AcrIIa4,T79F,-3.6455817
AcrIIa4,T79W,-4.8404713
AcrIIa4,I80K,-3.5309067
AcrIIa4,I80R,-4.4113593
AcrIIa4,I80H,-5.0054207
AcrIIa4,I80E,-3.0802593
AcrIIa4,I80D,-3.8312888
AcrIIa4,I80N,-3.5398474
AcrIIa4,I80Q,-4.370527
AcrIIa4,I80T,-4.50825
AcrIIa4,I80S,-3.9976254
AcrIIa4,I80C,-6.050309
AcrIIa4,I80G,-3.257577
AcrIIa4,I80A,-4.2931952
AcrIIa4,I80V,-4.1507998
AcrIIa4,I80L,-3.3125186
AcrIIa4,I80I,0.0
AcrIIa4,I80M,-4.9236665
AcrIIa4,I80P,-5.598421
AcrIIa4,I80Y,-3.813263
AcrIIa4,I80F,-3.6164522
AcrIIa4,I80W,-5.1168876
AcrIIa4,T81K,-2.4041822
AcrIIa4,T81R,-3.5073392
AcrIIa4,T81H,-4.336628
AcrIIa4,T81E,-2.470684
AcrIIa4,T81D,-2.752971
AcrIIa4,T81N,-2.7835882
AcrIIa4,T81Q,-3.7417328
AcrIIa4,T81T,0.0
AcrIIa4,T81S,-3.0376518
AcrIIa4,T81C,-4.55812
AcrIIa4,T81G,-3.3603017
AcrIIa4,T81A,-3.4197052
AcrIIa4,T81V,-2.877513
AcrIIa4,T81L,-1.6708357
AcrIIa4,T81I,-1.7596116
AcrIIa4,T81M,-3.5282352
AcrIIa4,T81P,-4.413657
AcrIIa4,T81Y,-2.7120447
AcrIIa4,T81F,-2.486653
AcrIIa4,T81W,-3.7848575
AcrIIa4,L82K,-3.302795
AcrIIa4,L82R,-4.3456926
AcrIIa4,L82H,-5.283415
AcrIIa4,L82E,-3.1035495
AcrIIa4,L82D,-3.5515127
AcrIIa4,L82N,-3.1922703
AcrIIa4,L82Q,-4.4549994
AcrIIa4,L82T,-4.0181303
AcrIIa4,L82S,-3.5639696
AcrIIa4,L82C,-5.953662
AcrIIa4,L82G,-4.068593
AcrIIa4,L82A,-4.613343
AcrIIa4,L82V,-4.133643
AcrIIa4,L82L,0.0
AcrIIa4,L82I,-3.2904792
AcrIIa4,L82M,-5.175805
AcrIIa4,L82P,-4.664238
AcrIIa4,L82Y,-4.1227493
AcrIIa4,L82F,-3.7479582
AcrIIa4,L82W,-5.3791695
AcrIIa4,K83K,0.0
AcrIIa4,K83R,-4.744449
AcrIIa4,K83H,-5.4142203
AcrIIa4,K83E,-3.2468483
AcrIIa4,K83D,-3.663535
AcrIIa4,K83N,-3.3459215
AcrIIa4,K83Q,-4.6227217
AcrIIa4,K83T,-4.0945897
AcrIIa4,K83S,-3.872838
AcrIIa4,K83C,-5.908263
AcrIIa4,K83G,-4.817998
AcrIIa4,K83A,-4.676418
AcrIIa4,K83V,-4.1554856
AcrIIa4,K83L,-2.9363456
AcrIIa4,K83I,-3.1536326
AcrIIa4,K83M,-5.052596
AcrIIa4,K83P,-4.4351864
AcrIIa4,K83Y,-4.214163
AcrIIa4,K83F,-3.902769
AcrIIa4,K83W,-5.454708
AcrIIa4,S84K,-2.7717621
AcrIIa4,S84R,-3.726898
AcrIIa4,S84H,-4.5899515
AcrIIa4,S84E,-2.4438257
AcrIIa4,S84D,-3.3241982
AcrIIa4,S84N,-2.9132419
AcrIIa4,S84Q,-3.870672
AcrIIa4,S84T,-3.7522233
AcrIIa4,S84S,0.0
AcrIIa4,S84C,-5.292591
AcrIIa4,S84G,-3.4916234
AcrIIa4,S84A,-4.0823774
AcrIIa4,S84V,-3.6550696
AcrIIa4,S84L,-2.8416338
AcrIIa4,S84I,-2.9636545
AcrIIa4,S84M,-4.281907
AcrIIa4,S84P,-4.4873676
AcrIIa4,S84Y,-3.1541398
AcrIIa4,S84F,-3.5913537
AcrIIa4,S84W,-5.246522
AcrIIa4,E85K,-2.9462497
AcrIIa4,E85R,-4.081911
AcrIIa4,E85H,-4.8448677
AcrIIa4,E85E,0.0
AcrIIa4,E85D,-3.815568
AcrIIa4,E85N,-3.3694026
AcrIIa4,E85Q,-4.135026
AcrIIa4,E85T,-3.819458
AcrIIa4,E85S,-3.560995
AcrIIa4,E85C,-4.998132
AcrIIa4,E85G,-4.368869
AcrIIa4,E85A,-3.937809
AcrIIa4,E85V,-3.0891912
AcrIIa4,E85L,-1.687319
AcrIIa4,E85I,-1.9777055
AcrIIa4,E85M,-3.7395406
AcrIIa4,E85P,-4.802762
AcrIIa4,E85Y,-3.256823
AcrIIa4,E85F,-2.7218335
AcrIIa4,E85W,-4.418304
AcrIIa4,L86K,-3.6142507
AcrIIa4,L86R,-4.567479
AcrIIa4,L86H,-5.6844244
AcrIIa4,L86E,-3.0640764
AcrIIa4,L86D,-3.9031456
AcrIIa4,L86N,-3.0828862
AcrIIa4,L86Q,-4.4193025
AcrIIa4,L86T,-4.3203826
AcrIIa4,L86S,-3.9489605
AcrIIa4,L86C,-5.8440733
AcrIIa4,L86G,-4.520122
AcrIIa4,L86A,-4.7089005
AcrIIa4,L86V,-4.2149596
AcrIIa4,L86L,0.0
AcrIIa4,L86I,-3.4643404
AcrIIa4,L86M,-5.220177
AcrIIa4,L86P,-5.9545527
AcrIIa4,L86Y,-4.6588106
AcrIIa4,L86F,-4.2683277
AcrIIa4,L86W,-5.080676
AcrIIa4,N87K,-3.0982676
AcrIIa4,N87R,-4.6134796
AcrIIa4,N87H,-5.3709598
AcrIIa4,N87E,-3.6765995
AcrIIa4,N87D,-4.135911
AcrIIa4,N87N,0.0
AcrIIa4,N87Q,-4.5305758
AcrIIa4,N87T,-5.0019226
AcrIIa4,N87S,-4.054386
AcrIIa4,N87C,-5.7141542
AcrIIa4,N87G,-5.011943
AcrIIa4,N87A,-4.4256186
AcrIIa4,N87V,-4.2718477
AcrIIa4,N87L,-3.658629
AcrIIa4,N87I,-3.501017
AcrIIa4,N87M,-5.3958054
AcrIIa4,N87P,-5.714528
AcrIIa4,N87Y,-4.668026
AcrIIa4,N87F,-4.0533066
AcrIIa4,N87W,-5.477647
